Source,Target,Type,Weight
167,168,undirected,2
167,36,undirected,3
168,167,undirected,4
168,126,undirected,1
36,168,undirected,2
36,167,undirected,2
57,36,undirected,1
57,31,undirected,7
57,126,undirected,6
57,16,undirected,3
57,19,undirected,2
57,12,undirected,10
57,161,undirected,46
57,51,undirected,4
57,9,undirected,10
57,40,undirected,20
57,58,undirected,12
57,23,undirected,45
57,2,undirected,31
57,136,undirected,106
57,119,undirected,1
57,80,undirected,15
57,54,undirected,23
57,144,undirected,1
57,115,undirected,1
57,21,undirected,4
57,38,undirected,5
57,32,undirected,2
57,111,undirected,14
57,158,undirected,1
57,171,undirected,88
57,114,undirected,3
57,76,undirected,3
57,156,undirected,59
57,86,undirected,38
57,106,undirected,8
57,151,undirected,12
57,56,undirected,1
57,147,undirected,1
57,52,undirected,16
57,27,undirected,13
57,103,undirected,1
57,104,undirected,6
57,60,undirected,1
57,137,undirected,1
57,25,undirected,38
57,146,undirected,31
57,42,undirected,1
57,93,undirected,19
57,138,undirected,68
57,139,undirected,1
57,117,undirected,6
57,72,undirected,6
57,61,undirected,7
57,153,undirected,1
57,17,undirected,1
57,18,undirected,2
57,78,undirected,9
57,128,undirected,8
57,47,undirected,1
57,75,undirected,3
57,96,undirected,6
57,162,undirected,2
57,37,undirected,5
57,152,undirected,2
57,13,undirected,10
57,20,undirected,3
57,35,undirected,1
141,57,undirected,1
141,138,undirected,26
141,20,undirected,1
141,9,undirected,2
141,31,undirected,1
141,164,undirected,1
141,161,undirected,1
138,141,undirected,24
138,9,undirected,61
138,164,undirected,1
138,19,undirected,4
138,20,undirected,32
138,51,undirected,1
138,23,undirected,3
138,137,undirected,9
138,55,undirected,35
138,127,undirected,3
138,31,undirected,8
138,75,undirected,124
138,122,undirected,1
138,148,undirected,1
138,39,undirected,4
138,11,undirected,1
138,173,undirected,1
138,161,undirected,34
138,144,undirected,38
138,94,undirected,1
138,151,undirected,28
138,158,undirected,2
138,171,undirected,1
138,25,undirected,10
138,74,undirected,5
138,103,undirected,11
138,87,undirected,23
138,126,undirected,1
138,57,undirected,70
138,106,undirected,1
138,143,undirected,7
138,79,undirected,27
138,129,undirected,16
138,102,undirected,1
138,6,undirected,3
138,117,undirected,17
138,17,undirected,16
138,108,undirected,2
138,131,undirected,6
138,98,undirected,14
138,80,undirected,1
138,83,undirected,1
138,27,undirected,1
138,156,undirected,3
138,64,undirected,1
138,78,undirected,2
138,128,undirected,1
138,172,undirected,5
138,16,undirected,14
31,141,undirected,4
31,130,undirected,2
31,19,undirected,19
31,168,undirected,1
31,57,undirected,7
31,16,undirected,6
31,151,undirected,2
31,9,undirected,31
31,127,undirected,55
31,138,undirected,8
31,20,undirected,26
31,12,undirected,4
31,51,undirected,13
31,126,undirected,1
31,82,undirected,2
31,59,undirected,11
31,162,undirected,31
31,75,undirected,40
31,39,undirected,21
31,122,undirected,6
31,52,undirected,4
31,37,undirected,5
31,161,undirected,2
31,11,undirected,10
31,173,undirected,3
31,13,undirected,1
31,133,undirected,1
31,55,undirected,1
31,8,undirected,4
31,78,undirected,6
126,57,undirected,5
126,31,undirected,4
126,16,undirected,5
126,151,undirected,19
126,12,undirected,1
126,138,undirected,1
126,19,undirected,55
126,82,undirected,3
126,130,undirected,3
126,161,undirected,5
126,23,undirected,1
126,107,undirected,2
126,20,undirected,2
126,41,undirected,6
126,162,undirected,1
126,51,undirected,9
126,137,undirected,1
126,3,undirected,6
126,146,undirected,1
126,131,undirected,14
126,149,undirected,79
126,158,undirected,1
126,171,undirected,2
126,124,undirected,18
126,144,undirected,2
126,33,undirected,15
126,15,undirected,5
126,117,undirected,1
126,77,undirected,1
126,14,undirected,2
126,166,undirected,5
130,126,undirected,1
130,31,undirected,1
130,19,undirected,7
130,16,undirected,6
130,161,undirected,3
130,158,undirected,1
130,46,undirected,1
130,82,undirected,1
130,151,undirected,6
19,31,undirected,20
19,51,undirected,18
19,82,undirected,9
19,126,undirected,56
19,16,undirected,7
19,127,undirected,1
19,138,undirected,4
19,20,undirected,6
19,57,undirected,2
19,12,undirected,1
19,151,undirected,5
19,130,undirected,4
19,75,undirected,18
19,162,undirected,3
19,161,undirected,9
19,137,undirected,1
19,173,undirected,1
19,79,undirected,6
19,41,undirected,2
19,166,undirected,14
19,122,undirected,8
19,87,undirected,1
19,74,undirected,2
19,17,undirected,17
19,9,undirected,2
19,146,undirected,3
19,149,undirected,11
19,131,undirected,5
19,124,undirected,8
19,15,undirected,7
19,56,undirected,1
19,33,undirected,3
19,38,undirected,1
16,31,undirected,8
16,57,undirected,1
16,151,undirected,18
16,19,undirected,8
16,127,undirected,1
16,51,undirected,2
16,126,undirected,6
16,161,undirected,4
16,82,undirected,28
16,107,undirected,46
16,173,undirected,1
16,125,undirected,11
16,136,undirected,19
16,130,undirected,6
16,24,undirected,1
16,46,undirected,20
16,53,undirected,2
16,56,undirected,29
16,119,undirected,2
16,90,undirected,31
16,9,undirected,5
16,170,undirected,1
16,153,undirected,21
16,60,undirected,1
16,146,undirected,1
16,38,undirected,3
16,25,undirected,1
16,70,undirected,1
16,65,undirected,1
16,12,undirected,4
16,75,undirected,5
16,138,undirected,15
16,23,undirected,1
16,78,undirected,2
151,57,undirected,13
151,31,undirected,2
151,126,undirected,24
151,19,undirected,4
151,148,undirected,1
151,16,undirected,18
151,161,undirected,13
151,82,undirected,22
151,133,undirected,17
151,55,undirected,2
151,107,undirected,24
151,41,undirected,1
151,51,undirected,2
151,124,undirected,1
151,23,undirected,9
151,37,undirected,1
151,170,undirected,60
151,10,undirected,18
151,17,undirected,2
151,20,undirected,2
151,24,undirected,11
151,9,undirected,1
151,130,undirected,5
151,146,undirected,1
151,117,undirected,63
151,98,undirected,7
151,94,undirected,1
151,116,undirected,9
151,138,undirected,27
151,131,undirected,2
151,35,undirected,2
151,128,undirected,1
151,34,undirected,1
151,25,undirected,2
51,151,undirected,2
51,20,undirected,148
51,161,undirected,66
51,31,undirected,11
51,16,undirected,1
51,57,undirected,5
51,59,undirected,14
51,127,undirected,3
51,11,undirected,1
51,75,undirected,3
51,23,undirected,5
51,158,undirected,39
51,126,undirected,9
51,19,undirected,18
51,81,undirected,1
51,3,undirected,21
51,124,undirected,1
51,17,undirected,104
51,162,undirected,1
51,137,undirected,1
51,39,undirected,1
51,131,undirected,11
51,83,undirected,28
51,146,undirected,1
51,136,undirected,1
51,87,undirected,1
51,55,undirected,6
51,94,undirected,2
51,108,undirected,3
51,18,undirected,96
51,74,undirected,4
51,103,undirected,16
51,155,undirected,13
51,2,undirected,1
51,99,undirected,19
51,145,undirected,1
51,28,undirected,8
51,34,undirected,4
51,157,undirected,1
51,100,undirected,1
51,160,undirected,1
51,44,undirected,10
51,62,undirected,3
51,53,undirected,1
51,166,undirected,6
51,15,undirected,10
51,77,undirected,2
51,14,undirected,3
51,96,undirected,1
51,33,undirected,11
51,138,undirected,1
51,35,undirected,6
51,26,undirected,6
51,118,undirected,9
51,25,undirected,1
20,51,undirected,157
20,127,undirected,23
20,9,undirected,2
20,126,undirected,1
20,19,undirected,6
20,138,undirected,30
20,16,undirected,1
20,161,undirected,139
20,31,undirected,30
20,162,undirected,9
20,55,undirected,41
20,75,undirected,35
20,74,undirected,3
20,158,undirected,51
20,39,undirected,21
20,11,undirected,4
20,69,undirected,20
20,52,undirected,4
20,3,undirected,2
20,25,undirected,2
20,99,undirected,2
20,155,undirected,29
20,87,undirected,37
20,43,undirected,4
20,144,undirected,6
20,146,undirected,2
20,137,undirected,2
20,108,undirected,1
20,103,undirected,26
20,83,undirected,31
20,153,undirected,1
20,17,undirected,6
20,102,undirected,19
20,143,undirected,3
20,150,undirected,1
20,91,undirected,7
20,62,undirected,13
20,94,undirected,2
20,44,undirected,16
20,105,undirected,1
20,140,undirected,6
20,156,undirected,2
20,142,undirected,3
20,35,undirected,11
20,88,undirected,1
20,160,undirected,1
20,159,undirected,16
20,57,undirected,4
20,23,undirected,3
82,19,undirected,8
82,31,undirected,1
82,161,undirected,4
82,126,undirected,3
82,151,undirected,27
82,16,undirected,29
82,107,undirected,10
82,130,undirected,2
82,24,undirected,1
9,31,undirected,30
9,127,undirected,3
9,51,undirected,2
9,57,undirected,9
9,138,undirected,62
9,55,undirected,3
9,20,undirected,5
9,141,undirected,2
9,148,undirected,14
9,75,undirected,2
9,133,undirected,1
9,162,undirected,2
9,173,undirected,10
9,59,undirected,2
9,161,undirected,3
9,94,undirected,3
9,137,undirected,90
9,126,undirected,1
9,47,undirected,35
9,37,undirected,45
9,53,undirected,76
9,132,undirected,4
9,109,undirected,3
9,154,undirected,1
9,158,undirected,30
9,58,undirected,4
9,4,undirected,5
9,32,undirected,1
9,152,undirected,25
9,56,undirected,1
9,5,undirected,9
9,119,undirected,1
9,13,undirected,13
9,124,undirected,1
9,156,undirected,2
9,93,undirected,2
9,143,undirected,1
9,17,undirected,18
9,80,undirected,1
9,25,undirected,1
9,28,undirected,1
9,64,undirected,1
9,44,undirected,1
9,68,undirected,21
9,50,undirected,1
9,120,undirected,1
9,166,undirected,2
9,90,undirected,1
9,16,undirected,6
127,31,undirected,54
127,19,undirected,2
127,138,undirected,1
127,9,undirected,1
127,20,undirected,28
127,161,undirected,1
127,137,undirected,1
127,55,undirected,1
127,11,undirected,6
127,69,undirected,5
127,51,undirected,2
127,75,undirected,3
127,122,undirected,6
161,127,undirected,1
161,133,undirected,7
161,51,undirected,64
161,12,undirected,6
161,57,undirected,44
161,137,undirected,15
161,55,undirected,42
161,99,undirected,2
161,20,undirected,131
161,2,undirected,1
161,40,undirected,1
161,119,undirected,1
161,173,undirected,9
161,80,undirected,3
161,151,undirected,11
161,126,undirected,8
161,82,undirected,2
161,16,undirected,3
161,130,undirected,3
161,18,undirected,123
161,19,undirected,11
161,79,undirected,13
161,58,undirected,45
161,129,undirected,1
161,158,undirected,85
161,62,undirected,4
161,144,undirected,121
161,143,undirected,1
161,138,undirected,37
161,52,undirected,18
161,162,undirected,135
161,3,undirected,1
161,39,undirected,21
161,108,undirected,44
161,75,undirected,22
161,94,undirected,2
161,150,undirected,1
161,69,undirected,29
161,146,undirected,1
161,32,undirected,1
161,53,undirected,4
161,89,undirected,1
161,24,undirected,1
161,83,undirected,1
161,23,undirected,88
161,103,undirected,14
161,74,undirected,1
161,87,undirected,2
161,22,undirected,10
161,43,undirected,1
161,102,undirected,25
161,117,undirected,1
161,131,undirected,2
161,10,undirected,1
161,11,undirected,1
161,101,undirected,1
161,85,undirected,7
161,45,undirected,6
161,96,undirected,30
161,100,undirected,1
161,42,undirected,22
161,121,undirected,3
161,65,undirected,5
161,93,undirected,3
161,170,undirected,2
161,34,undirected,1
161,35,undirected,3
161,25,undirected,11
161,118,undirected,1
161,26,undirected,2
161,88,undirected,1
161,9,undirected,1
133,161,undirected,7
133,51,undirected,1
133,151,undirected,19
133,20,undirected,1
133,75,undirected,13
133,39,undirected,4
133,55,undirected,4
133,52,undirected,1
133,137,undirected,1
133,162,undirected,20
133,144,undirected,5
164,127,undirected,1
164,23,undirected,17
164,48,undirected,9
164,82,undirected,1
164,58,undirected,16
164,29,undirected,12
164,2,undirected,1
164,148,undirected,1
164,31,undirected,1
164,63,undirected,1
23,164,undirected,14
23,58,undirected,157
23,48,undirected,1
23,63,undirected,11
23,19,undirected,1
23,49,undirected,12
23,29,undirected,16
23,80,undirected,2
23,2,undirected,1
23,115,undirected,7
23,75,undirected,3
23,112,undirected,8
23,95,undirected,14
23,158,undirected,1
23,40,undirected,2
23,161,undirected,95
23,87,undirected,1
23,66,undirected,6
23,122,undirected,1
23,169,undirected,21
23,137,undirected,2
23,107,undirected,2
23,82,undirected,1
23,110,undirected,5
23,96,undirected,51
23,11,undirected,33
23,67,undirected,8
23,42,undirected,10
23,121,undirected,7
23,22,undirected,73
23,166,undirected,1
23,51,undirected,3
23,57,undirected,47
23,117,undirected,2
23,45,undirected,33
23,18,undirected,3
23,97,undirected,9
23,53,undirected,1
23,139,undirected,1
23,162,undirected,16
23,64,undirected,11
23,35,undirected,1
23,151,undirected,5
23,170,undirected,5
23,136,undirected,1
23,93,undirected,5
23,34,undirected,1
23,103,undirected,2
23,25,undirected,6
23,88,undirected,1
23,118,undirected,2
23,20,undirected,5
48,164,undirected,10
48,58,undirected,1
48,162,undirected,4
12,138,undirected,1
12,57,undirected,10
12,161,undirected,6
12,31,undirected,3
12,126,undirected,1
12,127,undirected,1
12,29,undirected,1
12,115,undirected,1
12,173,undirected,1
12,16,undirected,5
12,75,undirected,1
12,90,undirected,2
58,48,undirected,1
58,23,undirected,147
58,51,undirected,3
58,49,undirected,5
58,164,undirected,17
58,115,undirected,7
58,40,undirected,1
58,63,undirected,1
58,29,undirected,1
58,144,undirected,1
58,112,undirected,1
58,95,undirected,1
58,57,undirected,8
58,113,undirected,6
58,169,undirected,2
58,161,undirected,48
58,66,undirected,1
58,133,undirected,1
58,96,undirected,3
58,11,undirected,30
58,145,undirected,1
58,42,undirected,2
58,158,undirected,1
58,22,undirected,34
58,102,undirected,1
58,87,undirected,1
58,85,undirected,3
58,20,undirected,1
58,136,undirected,9
58,88,undirected,4
58,162,undirected,1
58,156,undirected,3
58,37,undirected,1
58,137,undirected,1
63,164,undirected,3
63,23,undirected,11
63,162,undirected,1
63,82,undirected,1
137,63,undirected,1
137,161,undirected,10
137,138,undirected,13
137,74,undirected,1
137,55,undirected,8
137,18,undirected,6
137,108,undirected,2
137,146,undirected,2
137,144,undirected,1
137,152,undirected,27
137,5,undirected,5
137,9,undirected,90
137,13,undirected,32
137,171,undirected,1
137,51,undirected,1
137,38,undirected,1
137,126,undirected,1
137,19,undirected,1
137,109,undirected,12
137,20,undirected,1
137,132,undirected,2
137,23,undirected,1
137,75,undirected,1
137,17,undirected,15
137,120,undirected,15
137,71,undirected,2
137,68,undirected,1
137,37,undirected,5
137,156,undirected,13
137,57,undirected,1
29,58,undirected,2
29,49,undirected,2
29,23,undirected,15
29,19,undirected,1
29,164,undirected,12
29,16,undirected,1
29,169,undirected,4
49,29,undirected,4
49,23,undirected,10
49,164,undirected,1
49,161,undirected,1
49,58,undirected,2
49,115,undirected,3
49,127,undirected,1
55,164,undirected,1
55,161,undirected,42
55,137,undirected,6
55,138,undirected,32
55,9,undirected,5
55,20,undirected,40
55,63,undirected,1
55,39,undirected,7
55,19,undirected,2
55,162,undirected,4
55,23,undirected,1
55,143,undirected,4
55,18,undirected,2
55,149,undirected,1
55,69,undirected,3
55,133,undirected,4
55,94,undirected,1
55,146,undirected,1
55,144,undirected,1
55,158,undirected,17
55,75,undirected,1
55,74,undirected,2
55,87,undirected,26
55,25,undirected,1
55,51,undirected,7
55,103,undirected,2
55,43,undirected,1
55,17,undirected,2
55,102,undirected,1
55,10,undirected,1
99,161,undirected,1
99,55,undirected,1
99,144,undirected,1
99,20,undirected,1
99,157,undirected,6
99,51,undirected,18
99,18,undirected,1
99,101,undirected,1
99,7,undirected,1
59,9,undirected,4
59,31,undirected,11
59,75,undirected,2
59,51,undirected,10
59,127,undirected,1
162,31,undirected,35
162,122,undirected,1
162,75,undirected,31
162,19,undirected,4
162,52,undirected,1
162,9,undirected,2
162,48,undirected,4
162,127,undirected,1
162,54,undirected,1
162,20,undirected,6
162,138,undirected,1
162,55,undirected,3
162,39,undirected,5
162,161,undirected,142
162,173,undirected,1
162,144,undirected,11
162,18,undirected,5
162,133,undirected,21
162,158,undirected,9
162,17,undirected,1
162,103,undirected,16
162,25,undirected,1
162,102,undirected,10
162,22,undirected,1
162,23,undirected,19
162,96,undirected,2
162,42,undirected,3
162,65,undirected,1
162,34,undirected,1
162,93,undirected,7
162,57,undirected,1
122,31,undirected,7
122,75,undirected,9
122,39,undirected,2
122,162,undirected,1
122,74,undirected,25
122,127,undirected,6
122,57,undirected,1
122,136,undirected,1
122,87,undirected,7
122,17,undirected,4
122,19,undirected,10
122,55,undirected,1
122,146,undirected,6
122,93,undirected,3
122,25,undirected,1
75,122,undirected,11
75,31,undirected,36
75,162,undirected,34
75,39,undirected,7
75,19,undirected,20
75,161,undirected,21
75,57,undirected,4
75,23,undirected,2
75,141,undirected,2
75,138,undirected,130
75,127,undirected,1
75,59,undirected,1
75,51,undirected,1
75,133,undirected,13
75,11,undirected,1
75,20,undirected,35
75,151,undirected,2
75,87,undirected,9
75,74,undirected,5
75,158,undirected,15
75,9,undirected,4
75,55,undirected,2
75,108,undirected,1
75,105,undirected,2
75,143,undirected,2
75,129,undirected,8
75,79,undirected,10
75,117,undirected,4
75,6,undirected,9
75,172,undirected,7
75,17,undirected,11
75,131,undirected,7
75,146,undirected,1
75,69,undirected,4
75,160,undirected,1
75,103,undirected,7
75,156,undirected,1
75,159,undirected,1
75,16,undirected,2
75,136,undirected,1
39,75,undirected,4
39,31,undirected,22
39,161,undirected,21
39,162,undirected,5
39,69,undirected,2
39,20,undirected,22
39,41,undirected,1
39,138,undirected,3
39,9,undirected,1
39,23,undirected,1
39,133,undirected,4
39,55,undirected,3
39,18,undirected,1
39,144,undirected,1
39,108,undirected,1
39,158,undirected,6
39,17,undirected,1
39,43,undirected,1
39,102,undirected,1
39,57,undirected,1
39,83,undirected,6
39,117,undirected,1
2,75,undirected,1
2,40,undirected,5
2,119,undirected,1
2,136,undirected,11
2,57,undirected,32
2,80,undirected,5
2,137,undirected,1
2,147,undirected,1
2,27,undirected,2
2,52,undirected,4
2,156,undirected,1
2,146,undirected,1
2,104,undirected,1
2,25,undirected,5
2,9,undirected,1
2,90,undirected,1
40,75,undirected,1
40,57,undirected,18
40,161,undirected,1
40,2,undirected,5
40,136,undirected,26
40,51,undirected,1
40,20,undirected,1
40,32,undirected,7
40,58,undirected,1
40,119,undirected,5
40,54,undirected,2
40,162,undirected,1
40,104,undirected,1
40,27,undirected,2
40,52,undirected,1
119,161,undirected,1
119,136,undirected,3
119,57,undirected,2
119,106,undirected,1
119,40,undirected,7
119,54,undirected,4
119,32,undirected,3
119,21,undirected,2
119,38,undirected,1
119,46,undirected,1
119,16,undirected,1
119,17,undirected,1
119,56,undirected,1
11,127,undirected,5
11,51,undirected,2
11,31,undirected,9
11,162,undirected,2
11,20,undirected,3
11,55,undirected,1
11,75,undirected,2
11,23,undirected,40
11,93,undirected,1
11,58,undirected,27
11,137,undirected,1
11,22,undirected,2
11,146,undirected,1
11,96,undirected,1
11,45,undirected,1
11,97,undirected,1
69,127,undirected,3
69,31,undirected,1
69,18,undirected,1
69,122,undirected,1
69,51,undirected,1
69,138,undirected,1
69,161,undirected,29
69,20,undirected,18
69,144,undirected,1
69,137,undirected,1
69,55,undirected,1
69,39,undirected,1
69,105,undirected,1
69,43,undirected,1
69,74,undirected,2
69,58,undirected,1
69,75,undirected,3
69,83,undirected,2
69,87,undirected,1
69,44,undirected,1
115,58,undirected,8
115,49,undirected,3
115,23,undirected,6
115,95,undirected,1
115,112,undirected,1
115,54,undirected,1
173,12,undirected,3
173,161,undirected,7
173,31,undirected,5
173,20,undirected,1
173,9,undirected,10
173,138,undirected,1
173,55,undirected,1
173,37,undirected,2
173,162,undirected,1
173,4,undirected,4
80,57,undirected,18
80,161,undirected,3
80,136,undirected,18
80,38,undirected,4
80,52,undirected,2
80,2,undirected,6
80,171,undirected,1
80,23,undirected,1
80,117,undirected,1
148,57,undirected,1
148,9,undirected,14
148,75,undirected,1
148,141,undirected,1
148,94,undirected,3
136,2,undirected,5
136,40,undirected,24
136,57,undirected,102
136,9,undirected,1
136,23,undirected,2
136,107,undirected,1
136,80,undirected,17
136,54,undirected,5
136,95,undirected,1
136,38,undirected,135
136,32,undirected,11
136,111,undirected,2
136,161,undirected,1
136,86,undirected,1
136,119,undirected,2
136,144,undirected,1
136,58,undirected,10
136,16,undirected,18
136,56,undirected,7
136,46,undirected,1
136,90,undirected,2
136,25,undirected,2
136,52,undirected,5
136,108,undirected,1
136,150,undirected,1
136,156,undirected,1
136,145,undirected,2
136,139,undirected,1
136,146,undirected,9
136,93,undirected,1
136,104,undirected,10
136,92,undirected,5
136,26,undirected,4
136,118,undirected,4
136,20,undirected,1
136,88,undirected,32
52,138,undirected,1
52,31,undirected,3
52,122,undirected,1
52,75,undirected,1
52,20,undirected,3
52,133,undirected,2
52,55,undirected,1
52,108,undirected,1
52,161,undirected,15
52,18,undirected,2
52,57,undirected,16
52,2,undirected,9
52,136,undirected,2
52,40,undirected,1
52,80,undirected,2
37,31,undirected,5
37,9,undirected,46
37,132,undirected,1
37,47,undirected,10
37,173,undirected,1
37,154,undirected,2
37,158,undirected,1
37,56,undirected,1
37,152,undirected,8
37,51,undirected,1
37,5,undirected,1
37,144,undirected,1
37,93,undirected,19
37,25,undirected,35
37,146,undirected,1
37,57,undirected,8
37,13,undirected,2
37,137,undirected,3
18,161,undirected,126
18,130,undirected,1
18,79,undirected,2
18,158,undirected,2
18,144,undirected,4
18,94,undirected,5
18,69,undirected,1
18,76,undirected,1
18,162,undirected,3
18,39,undirected,1
18,137,undirected,4
18,86,undirected,1
18,108,undirected,13
18,102,undirected,2
18,51,undirected,98
18,103,undirected,2
18,46,undirected,1
18,2,undirected,1
18,138,undirected,1
18,7,undirected,2
18,34,undirected,2
18,157,undirected,1
18,99,undirected,2
18,101,undirected,2
18,160,undirected,13
18,100,undirected,1
18,17,undirected,1
18,166,undirected,1
18,26,undirected,2
18,118,undirected,1
18,23,undirected,1
18,25,undirected,1
74,127,undirected,1
74,79,undirected,1
74,122,undirected,25
74,87,undirected,19
74,19,undirected,1
74,75,undirected,5
74,55,undirected,1
74,138,undirected,6
74,105,undirected,11
74,158,undirected,1
74,20,undirected,1
74,51,undirected,4
74,69,undirected,1
74,44,undirected,6
79,31,undirected,1
79,19,undirected,5
79,129,undirected,11
79,161,undirected,12
79,75,undirected,9
79,138,undirected,29
129,79,undirected,6
129,161,undirected,1
129,31,undirected,1
129,18,undirected,1
129,126,undirected,1
129,19,undirected,1
129,75,undirected,8
129,138,undirected,16
129,137,undirected,1
129,172,undirected,1
107,16,undirected,49
107,126,undirected,1
107,75,undirected,1
107,151,undirected,24
107,82,undirected,11
107,125,undirected,5
107,144,undirected,1
107,46,undirected,3
107,24,undirected,1
107,56,undirected,9
107,90,undirected,13
107,136,undirected,1
107,57,undirected,1
107,137,undirected,1
107,117,undirected,9
13,31,undirected,1
13,137,undirected,32
13,9,undirected,13
13,152,undirected,10
13,93,undirected,2
13,5,undirected,2
13,42,undirected,1
13,156,undirected,2
13,58,undirected,1
13,25,undirected,1
13,57,undirected,9
13,138,undirected,1
158,51,undirected,41
158,161,undirected,82
158,62,undirected,8
158,20,undirected,55
158,37,undirected,1
158,150,undirected,4
158,109,undirected,2
158,9,undirected,31
158,151,undirected,1
158,4,undirected,4
158,111,undirected,1
158,75,undirected,16
158,23,undirected,1
158,171,undirected,1
158,55,undirected,19
158,162,undirected,7
158,17,undirected,1
158,103,undirected,19
158,18,undirected,1
158,102,undirected,26
158,34,undirected,1
158,155,undirected,12
158,79,undirected,1
158,39,undirected,5
158,144,undirected,7
94,148,undirected,3
94,9,undirected,3
94,161,undirected,4
94,18,undirected,3
94,108,undirected,1
94,51,undirected,2
94,131,undirected,1
94,158,undirected,1
94,20,undirected,2
94,83,undirected,1
94,151,undirected,1
54,162,undirected,1
54,57,undirected,23
54,166,undirected,1
54,173,undirected,1
54,21,undirected,9
54,136,undirected,3
54,53,undirected,1
54,111,undirected,5
54,119,undirected,5
54,87,undirected,1
54,32,undirected,1
62,51,undirected,3
62,161,undirected,3
62,158,undirected,5
62,112,undirected,1
62,0,undirected,1
62,17,undirected,1
62,69,undirected,1
62,20,undirected,15
62,94,undirected,1
62,103,undirected,1
41,130,undirected,1
41,151,undirected,3
41,126,undirected,6
41,19,undirected,1
41,57,undirected,1
166,41,undirected,1
166,19,undirected,14
166,126,undirected,3
166,149,undirected,1
166,137,undirected,2
166,16,undirected,1
166,131,undirected,7
166,155,undirected,1
166,14,undirected,4
166,77,undirected,2
166,20,undirected,1
166,18,undirected,1
166,51,undirected,4
166,23,undirected,1
166,83,undirected,1
112,63,undirected,1
112,23,undirected,8
112,95,undirected,1
112,58,undirected,1
144,161,undirected,121
144,115,undirected,1
144,18,undirected,2
144,57,undirected,1
144,126,undirected,1
144,162,undirected,13
144,170,undirected,1
144,138,undirected,41
144,89,undirected,1
144,55,undirected,2
144,20,undirected,5
144,133,undirected,5
144,152,undirected,1
144,23,undirected,1
144,22,undirected,1
144,158,undirected,7
144,102,undirected,3
95,23,undirected,15
95,58,undirected,3
125,107,undirected,5
125,16,undirected,12
125,90,undirected,2
124,41,undirected,1
124,126,undirected,19
124,19,undirected,8
124,17,undirected,1
124,131,undirected,1
124,103,undirected,1
124,37,undirected,1
124,33,undirected,1
124,90,undirected,1
0,161,undirected,1
47,173,undirected,1
47,73,undirected,8
47,9,undirected,32
47,37,undirected,8
47,109,undirected,2
47,58,undirected,1
47,19,undirected,1
47,132,undirected,1
47,126,undirected,1
47,23,undirected,1
47,152,undirected,1
47,108,undirected,3
47,17,undirected,10
47,136,undirected,1
73,47,undirected,8
73,18,undirected,1
73,109,undirected,2
143,55,undirected,5
143,51,undirected,1
143,138,undirected,6
143,20,undirected,3
143,158,undirected,1
143,75,undirected,2
21,57,undirected,3
21,38,undirected,1
21,23,undirected,1
21,146,undirected,1
21,136,undirected,1
21,54,undirected,7
21,32,undirected,1
21,119,undirected,2
38,21,undirected,2
38,136,undirected,132
38,57,undirected,5
38,119,undirected,1
38,158,undirected,1
38,90,undirected,4
38,80,undirected,5
38,75,undirected,1
38,2,undirected,1
38,145,undirected,5
38,117,undirected,1
38,16,undirected,1
38,20,undirected,1
38,104,undirected,1
38,27,undirected,1
38,92,undirected,3
38,87,undirected,1
38,26,undirected,1
38,118,undirected,1
38,137,undirected,1
93,57,undirected,22
93,81,undirected,2
93,25,undirected,47
93,146,undirected,48
93,122,undirected,2
93,5,undirected,2
93,152,undirected,6
93,13,undirected,1
93,37,undirected,20
93,9,undirected,1
93,43,undirected,1
93,161,undirected,1
93,139,undirected,17
93,145,undirected,9
93,86,undirected,1
93,136,undirected,1
93,23,undirected,6
93,1,undirected,1
93,42,undirected,1
93,162,undirected,9
81,93,undirected,2
81,146,undirected,2
81,25,undirected,3
25,93,undirected,50
25,81,undirected,4
25,146,undirected,101
25,10,undirected,1
25,135,undirected,27
25,89,undirected,19
25,20,undirected,2
25,161,undirected,13
25,18,undirected,2
25,37,undirected,38
25,58,undirected,2
25,145,undirected,35
25,16,undirected,1
25,80,undirected,1
25,139,undirected,3
25,38,undirected,1
25,57,undirected,42
25,159,undirected,8
25,86,undirected,1
25,104,undirected,2
25,117,undirected,2
25,2,undirected,7
25,83,undirected,1
25,27,undirected,5
25,138,undirected,12
25,17,undirected,3
25,78,undirected,5
25,170,undirected,1
25,156,undirected,10
25,96,undirected,7
25,23,undirected,4
25,9,undirected,1
25,151,undirected,1
25,13,undirected,1
25,51,undirected,1
146,93,undirected,47
146,89,undirected,6
146,25,undirected,108
146,9,undirected,1
146,122,undirected,7
146,19,undirected,2
146,137,undirected,1
146,20,undirected,2
146,126,undirected,1
146,151,undirected,1
146,139,undirected,17
146,145,undirected,20
146,11,undirected,1
146,37,undirected,1
146,51,undirected,1
146,159,undirected,7
146,86,undirected,5
146,57,undirected,32
146,17,undirected,3
146,136,undirected,8
146,108,undirected,1
89,25,undirected,19
89,146,undirected,3
89,57,undirected,1
89,135,undirected,4
89,82,undirected,1
89,162,undirected,1
89,55,undirected,1
3,126,undirected,6
3,20,undirected,4
3,51,undirected,20
53,52,undirected,1
53,9,undirected,84
53,132,undirected,2
53,173,undirected,1
53,158,undirected,1
53,23,undirected,1
53,94,undirected,1
53,75,undirected,1
132,9,undirected,3
132,53,undirected,2
132,37,undirected,1
132,158,undirected,1
132,137,undirected,3
108,75,undirected,3
108,52,undirected,1
108,161,undirected,44
108,20,undirected,3
108,18,undirected,15
108,103,undirected,1
108,138,undirected,3
108,51,undirected,3
108,17,undirected,64
108,47,undirected,1
108,137,undirected,1
108,9,undirected,1
108,57,undirected,1
108,136,undirected,1
108,16,undirected,1
170,151,undirected,63
170,10,undirected,11
170,82,undirected,1
170,25,undirected,1
170,98,undirected,2
170,117,undirected,1
170,1,undirected,3
170,103,undirected,1
170,35,undirected,4
170,23,undirected,7
170,83,undirected,1
170,160,undirected,1
170,34,undirected,7
10,151,undirected,18
10,170,undirected,12
10,16,undirected,1
10,55,undirected,2
10,35,undirected,4
135,25,undirected,29
135,89,undirected,3
87,82,undirected,1
87,122,undirected,9
87,75,undirected,13
87,17,undirected,4
87,74,undirected,17
87,55,undirected,30
87,20,undirected,30
87,138,undirected,25
87,103,undirected,33
87,161,undirected,1
87,155,undirected,40
87,162,undirected,1
87,105,undirected,1
87,69,undirected,2
87,142,undirected,3
87,44,undirected,21
17,122,undirected,5
17,19,undirected,15
17,113,undirected,1
17,110,undirected,1
17,161,undirected,1
17,51,undirected,102
17,117,undirected,3
17,131,undirected,3
17,137,undirected,14
17,103,undirected,2
17,87,undirected,4
17,23,undirected,1
17,74,undirected,1
17,20,undirected,7
17,55,undirected,1
17,79,undirected,1
17,108,undirected,68
17,9,undirected,19
17,47,undirected,12
17,16,undirected,1
17,138,undirected,13
17,75,undirected,10
17,146,undirected,2
17,151,undirected,1
17,25,undirected,5
17,15,undirected,10
17,88,undirected,1
17,57,undirected,1
155,138,undirected,1
155,20,undirected,31
155,158,undirected,11
155,51,undirected,11
155,87,undirected,37
155,161,undirected,1
155,9,undirected,1
155,44,undirected,16
155,92,undirected,1
155,103,undirected,1
155,62,undirected,1
4,173,undirected,4
4,47,undirected,1
4,109,undirected,1
4,158,undirected,5
4,9,undirected,4
109,53,undirected,1
109,9,undirected,3
109,4,undirected,1
109,73,undirected,3
109,150,undirected,1
109,37,undirected,1
109,137,undirected,12
123,4,undirected,1
131,123,undirected,1
131,126,undirected,16
131,149,undirected,3
131,124,undirected,3
131,135,undirected,1
131,13,undirected,1
131,17,undirected,3
131,51,undirected,9
131,83,undirected,1
131,19,undirected,3
131,15,undirected,1
131,166,undirected,8
131,117,undirected,42
131,151,undirected,4
131,20,undirected,1
131,9,undirected,1
131,138,undirected,3
131,75,undirected,8
131,53,undirected,1
149,126,undirected,75
149,131,undirected,4
149,19,undirected,11
149,111,undirected,1
149,83,undirected,2
149,107,undirected,1
149,124,undirected,1
149,15,undirected,2
149,58,undirected,1
149,22,undirected,1
66,23,undirected,5
66,58,undirected,1
66,149,undirected,1
150,47,undirected,1
150,169,undirected,1
150,158,undirected,6
150,20,undirected,1
150,102,undirected,2
154,150,undirected,2
154,37,undirected,1
169,23,undirected,22
169,110,undirected,1
169,54,undirected,1
169,137,undirected,1
169,113,undirected,1
169,171,undirected,1
169,29,undirected,3
24,170,undirected,1
24,151,undirected,13
24,82,undirected,1
32,136,undirected,11
32,57,undirected,2
32,40,undirected,10
32,119,undirected,3
32,54,undirected,1
110,23,undirected,6
110,169,undirected,1
113,169,undirected,1
113,58,undirected,6
113,51,undirected,1
46,16,undirected,16
46,107,undirected,4
46,56,undirected,6
46,90,undirected,12
46,136,undirected,1
46,93,undirected,1
46,119,undirected,1
46,18,undirected,1
46,153,undirected,1
111,107,undirected,1
111,54,undirected,5
111,57,undirected,18
111,171,undirected,7
111,76,undirected,1
171,57,undirected,89
171,111,undirected,8
171,131,undirected,1
171,107,undirected,1
171,23,undirected,3
171,170,undirected,1
171,76,undirected,6
171,54,undirected,1
171,156,undirected,10
171,86,undirected,1
171,106,undirected,6
171,93,undirected,1
171,75,undirected,1
171,56,undirected,1
171,147,undirected,7
171,136,undirected,2
43,171,undirected,1
43,55,undirected,1
43,161,undirected,1
43,16,undirected,1
43,51,undirected,1
43,90,undirected,1
43,105,undirected,4
43,69,undirected,2
43,83,undirected,2
43,20,undirected,2
76,171,undirected,6
76,114,undirected,1
76,57,undirected,4
76,111,undirected,1
76,156,undirected,5
114,47,undirected,1
114,57,undirected,3
156,171,undirected,14
156,76,undirected,6
156,57,undirected,52
156,86,undirected,5
156,13,undirected,2
156,106,undirected,9
156,56,undirected,1
156,126,undirected,1
156,51,undirected,1
156,147,undirected,2
156,52,undirected,1
156,80,undirected,1
156,136,undirected,1
156,72,undirected,1
156,61,undirected,3
156,2,undirected,1
156,27,undirected,1
156,25,undirected,14
156,138,undirected,1
156,87,undirected,1
156,117,undirected,2
156,78,undirected,1
156,17,undirected,1
156,75,undirected,1
156,152,undirected,1
156,58,undirected,1
156,37,undirected,2
156,9,undirected,1
156,137,undirected,13
86,156,undirected,5
86,57,undirected,39
86,19,undirected,1
86,171,undirected,1
86,106,undirected,3
86,149,undirected,1
86,146,undirected,4
86,25,undirected,1
86,23,undirected,1
83,126,undirected,2
83,149,undirected,1
83,51,undirected,23
83,17,undirected,1
83,107,undirected,1
83,144,undirected,1
83,20,undirected,35
83,39,undirected,6
83,43,undirected,3
83,53,undirected,1
83,140,undirected,1
83,162,undirected,1
83,8,undirected,3
83,161,undirected,1
83,155,undirected,1
83,118,undirected,1
83,23,undirected,1
96,20,undirected,3
96,23,undirected,52
96,67,undirected,17
96,58,undirected,1
96,13,undirected,1
96,161,undirected,27
96,22,undirected,3
96,11,undirected,1
96,42,undirected,35
96,45,undirected,1
96,57,undirected,7
96,162,undirected,2
96,121,undirected,1
96,83,undirected,1
96,25,undirected,5
96,93,undirected,1
96,17,undirected,1
67,96,undirected,16
67,23,undirected,8
67,58,undirected,1
56,16,undirected,34
56,107,undirected,9
56,38,undirected,2
56,46,undirected,6
56,125,undirected,1
56,90,undirected,9
56,106,undirected,1
56,156,undirected,1
56,136,undirected,4
56,60,undirected,6
103,87,undirected,34
103,138,undirected,9
103,20,undirected,27
103,158,undirected,20
103,162,undirected,16
103,75,undirected,8
103,108,undirected,1
103,161,undirected,13
103,131,undirected,1
103,146,undirected,1
103,80,undirected,1
103,17,undirected,2
103,102,undirected,1
103,18,undirected,1
103,74,undirected,2
103,22,undirected,1
103,44,undirected,2
103,62,undirected,1
103,155,undirected,1
103,57,undirected,1
103,34,undirected,3
103,101,undirected,2
103,100,undirected,1
103,23,undirected,3
103,42,undirected,1
103,51,undirected,13
106,86,undirected,3
106,171,undirected,8
106,57,undirected,8
106,156,undirected,8
106,103,undirected,1
106,107,undirected,2
90,56,undirected,9
90,107,undirected,12
90,16,undirected,29
90,125,undirected,2
90,134,undirected,1
90,161,undirected,1
90,136,undirected,2
90,38,undirected,2
90,46,undirected,9
90,119,undirected,3
90,156,undirected,1
90,153,undirected,2
90,27,undirected,1
90,70,undirected,2
90,124,undirected,1
90,20,undirected,1
90,12,undirected,3
90,9,undirected,1
152,9,undirected,27
152,5,undirected,7
152,47,undirected,1
152,37,undirected,7
152,137,undirected,25
152,23,undirected,1
152,13,undirected,9
152,93,undirected,6
152,58,undirected,2
152,156,undirected,1
5,152,undirected,5
5,9,undirected,10
5,137,undirected,6
5,93,undirected,2
5,37,undirected,1
5,13,undirected,2
117,151,undirected,64
117,38,undirected,1
117,156,undirected,3
117,98,undirected,10
117,131,undirected,42
117,9,undirected,2
117,51,undirected,1
117,170,undirected,3
117,42,undirected,1
117,23,undirected,1
117,83,undirected,1
117,75,undirected,2
117,17,undirected,1
117,138,undirected,21
117,2,undirected,1
117,146,undirected,1
117,27,undirected,1
117,84,undirected,4
117,165,undirected,6
117,107,undirected,9
117,57,undirected,2
117,25,undirected,2
33,51,undirected,13
33,15,undirected,5
33,126,undirected,15
33,19,undirected,2
33,14,undirected,3
33,77,undirected,1
33,134,undirected,1
15,33,undirected,7
15,126,undirected,3
15,19,undirected,8
15,14,undirected,2
15,106,undirected,1
15,77,undirected,1
15,131,undirected,2
15,25,undirected,1
15,51,undirected,9
15,17,undirected,9
139,9,undirected,1
139,146,undirected,18
139,93,undirected,15
139,23,undirected,1
139,145,undirected,7
139,136,undirected,1
139,155,undirected,1
139,25,undirected,1
145,139,undirected,5
145,146,undirected,19
145,51,undirected,1
145,25,undirected,36
145,93,undirected,10
145,62,undirected,1
145,38,undirected,6
145,136,undirected,1
145,34,undirected,1
42,23,undirected,9
42,22,undirected,6
42,96,undirected,35
42,97,undirected,1
42,11,undirected,1
42,58,undirected,1
42,161,undirected,24
42,162,undirected,5
42,75,undirected,1
42,121,undirected,1
42,103,undirected,1
105,74,undirected,9
105,75,undirected,1
105,34,undirected,5
105,102,undirected,8
105,20,undirected,2
105,87,undirected,2
105,52,undirected,1
105,43,undirected,4
105,44,undirected,1
14,126,undirected,4
14,33,undirected,1
14,77,undirected,4
14,166,undirected,4
14,51,undirected,2
14,18,undirected,1
14,15,undirected,1
77,14,undirected,3
77,33,undirected,1
77,15,undirected,1
77,149,undirected,1
77,166,undirected,2
77,18,undirected,1
77,51,undirected,2
121,23,undirected,7
121,161,undirected,4
121,96,undirected,1
98,51,undirected,1
98,163,undirected,10
98,151,undirected,1
98,117,undirected,11
98,170,undirected,2
98,138,undirected,14
163,98,undirected,6
163,151,undirected,4
22,11,undirected,6
22,23,undirected,72
22,146,undirected,1
22,96,undirected,3
22,58,undirected,28
22,57,undirected,1
22,42,undirected,8
22,93,undirected,1
22,161,undirected,11
22,34,undirected,1
22,45,undirected,4
22,12,undirected,1
22,162,undirected,1
134,58,undirected,1
134,33,undirected,1
102,18,undirected,4
102,34,undirected,12
102,105,undirected,10
102,161,undirected,25
102,20,undirected,18
102,158,undirected,24
102,136,undirected,1
102,137,undirected,1
102,23,undirected,1
102,162,undirected,12
102,39,undirected,1
102,144,undirected,2
102,150,undirected,1
34,102,undirected,12
34,105,undirected,3
34,20,undirected,1
34,158,undirected,1
34,39,undirected,1
34,7,undirected,1
34,28,undirected,13
34,160,undirected,2
34,101,undirected,3
34,18,undirected,1
34,157,undirected,1
34,51,undirected,5
34,103,undirected,4
34,161,undirected,2
34,170,undirected,7
34,151,undirected,1
147,156,undirected,3
147,171,undirected,7
147,104,undirected,2
153,16,undirected,24
153,20,undirected,1
153,90,undirected,1
153,70,undirected,1
104,161,undirected,1
104,147,undirected,1
104,57,undirected,7
104,25,undirected,3
104,136,undirected,11
27,57,undirected,12
27,40,undirected,2
27,56,undirected,1
27,25,undirected,6
27,2,undirected,2
27,156,undirected,2
27,117,undirected,2
97,23,undirected,9
97,11,undirected,2
97,22,undirected,1
97,45,undirected,2
60,57,undirected,1
60,16,undirected,2
60,56,undirected,5
159,25,undirected,8
159,146,undirected,7
159,20,undirected,16
159,26,undirected,1
45,23,undirected,32
45,22,undirected,5
45,97,undirected,3
45,11,undirected,1
45,96,undirected,2
45,161,undirected,3
45,58,undirected,1
116,117,undirected,1
116,151,undirected,8
6,75,undirected,9
6,138,undirected,3
91,9,undirected,1
91,20,undirected,6
172,146,undirected,1
172,75,undirected,5
172,129,undirected,1
172,57,undirected,2
172,138,undirected,4
172,128,undirected,1
157,51,undirected,5
157,75,undirected,1
157,99,undirected,4
157,28,undirected,1
157,34,undirected,1
157,100,undirected,1
7,157,undirected,1
7,28,undirected,2
7,101,undirected,2
7,20,undirected,1
7,18,undirected,1
28,34,undirected,12
28,99,undirected,1
28,7,undirected,1
28,51,undirected,8
28,53,undirected,1
28,9,undirected,1
28,44,undirected,1
44,20,undirected,18
44,103,undirected,1
44,142,undirected,1
44,87,undirected,20
44,51,undirected,12
44,155,undirected,14
44,62,undirected,1
44,23,undirected,1
44,120,undirected,1
44,39,undirected,1
44,74,undirected,4
44,69,undirected,1
160,51,undirected,1
160,34,undirected,1
160,18,undirected,16
160,100,undirected,4
160,7,undirected,1
160,101,undirected,2
160,20,undirected,1
101,34,undirected,3
101,100,undirected,2
101,18,undirected,2
101,99,undirected,1
101,7,undirected,1
101,160,undirected,3
101,157,undirected,1
101,103,undirected,2
101,9,undirected,1
100,34,undirected,1
100,157,undirected,2
100,160,undirected,4
100,101,undirected,3
100,103,undirected,1
85,58,undirected,3
85,161,undirected,6
85,136,undirected,1
140,23,undirected,2
140,20,undirected,4
140,58,undirected,1
61,57,undirected,8
61,72,undirected,3
61,156,undirected,2
72,61,undirected,3
72,57,undirected,5
72,156,undirected,2
84,117,undirected,3
84,131,undirected,1
142,20,undirected,4
142,87,undirected,3
64,58,undirected,1
64,23,undirected,10
64,153,undirected,1
64,138,undirected,1
165,117,undirected,6
35,10,undirected,5
35,151,undirected,4
35,170,undirected,5
35,1,undirected,2
35,20,undirected,9
35,51,undirected,6
35,161,undirected,3
35,23,undirected,1
35,57,undirected,1
1,35,undirected,3
1,170,undirected,2
1,70,undirected,1
8,16,undirected,1
8,31,undirected,3
8,83,undirected,3
50,53,undirected,1
50,68,undirected,6
68,50,undirected,6
68,136,undirected,1
68,9,undirected,21
70,16,undirected,2
70,46,undirected,1
70,90,undirected,2
65,161,undirected,6
65,162,undirected,1
92,38,undirected,2
92,136,undirected,6
92,118,undirected,4
26,136,undirected,4
26,38,undirected,1
26,118,undirected,4
26,51,undirected,6
26,18,undirected,1
26,161,undirected,1
118,92,undirected,3
118,136,undirected,3
118,38,undirected,3
118,20,undirected,1
118,51,undirected,9
118,18,undirected,2
118,151,undirected,1
118,23,undirected,2
118,161,undirected,2
118,26,undirected,1
120,23,undirected,1
120,137,undirected,16
120,25,undirected,1
120,71,undirected,4
78,57,undirected,8
78,138,undirected,2
78,25,undirected,5
78,16,undirected,2
78,31,undirected,6
78,128,undirected,2
78,136,undirected,1
128,15,undirected,1
128,57,undirected,9
128,138,undirected,1
128,78,undirected,1
128,172,undirected,1
71,120,undirected,5
71,137,undirected,1
88,35,undirected,1
88,136,undirected,31
88,58,undirected,5
88,96,undirected,1
88,16,undirected,2
